Id,target
0,-401.6950873339247
6,-391.8761714757667
7,-142.4026102849102
8,-296.3722716268858
12,479.3938719104258
14,-308.4232021499347
17,24.79591329674951
19,-71.00503683541794
22,272.52773383382225
23,313.11473380950923
25,-512.3828488139991
26,-282.8210090340783
29,-119.839127768931
30,-135.1246842158474
31,34.04373352910257
32,190.26796718324857
33,-1066.833087474427
43,67.62913644100348
44,-724.5027588584915
45,-246.000266179307
47,-46.56329882399894
48,-405.0209698364945
51,-50.4996180882543
52,-57.61494959084081
56,252.98614827647725
58,-147.0401846804259
59,-196.85252734734468
61,-213.0500306091846
63,-483.67520361237695
65,106.94838591554613
67,-229.61971297424262
68,141.8389883937435
69,-187.30589760419764
70,-99.65613575977122
73,-277.06665249565003
75,-285.2457587499716
76,248.7284957748567
79,386.0178710137894
80,-78.64483495613942
82,496.79571211181485
84,158.6241479446253
87,87.6396455066274
88,204.78214975349724
90,53.781057219763625
92,-483.0173295478902
93,-290.8963291831291
95,153.74084781030263
96,-317.2026197876197
99,-72.93004429521699
100,-112.58857311016519
102,685.6751299770142
103,-277.66911198548513
106,-446.2088786020935
108,312.2853633339736
109,-419.45665143442744
111,-172.9790002433151
112,116.30645203258483
113,225.14356279125946
120,389.4212310049266
121,-310.3386120471414
122,-310.3432397947555
124,48.58122490738602
131,-324.1951045506016
132,-459.6193640559133
134,191.36922129323318
135,-132.86751411723031
138,-167.76374693008808
139,-10.840120101879114
141,-26.48517938393144
144,-268.1780896678594
149,46.98296824667981
150,279.0708057101189
151,-48.340786836516685
152,-547.6269365685296
155,-43.654329601209184
156,295.40254469024296
157,692.0484731580767
162,-87.3560665497863
166,392.4232649534623
168,-87.06306459637412
170,484.53018026139495
173,452.5523713177549
174,314.5970950377008
175,319.0315408101682
176,825.2337486576166
177,-23.19616669426422
178,51.64016033102736
179,282.62385573293113
180,-65.58288003501303
183,391.321557294405
184,151.9131425807488
187,-63.93311494570993
188,667.2908014712389
191,207.4740767305753
192,-173.8176822775497
194,161.35292868983555
195,-231.06548414097944
196,215.5201082933487
198,684.0484356342596
199,-170.49978708732405
203,-77.5768334251458
204,-339.0993735118822
205,6.8231960750633895
208,84.98992317856532
209,-68.2392500077336
210,-268.93167767559953
211,72.63210922185179
212,-297.87865495357636
214,278.53881138226006
217,-185.99874029911805
218,-245.49265620974228
219,-289.7274058560236
220,104.89827396804716
221,355.7881270056938
222,-463.87245254327445
226,-124.42892209618002
227,-235.39256770189195
228,372.6406222990958
229,395.6935314659433
230,325.7189792319625
233,68.06954398465169
234,180.68652734456788
238,-436.92709872415566
239,-205.1577140969995
240,-83.54066734385168
245,-181.9094702306874
246,-178.36137530534333
247,-108.41865554723285
248,-75.80331533923345
251,410.92619613055444
252,-15.957765635503627
254,-43.701517052754696
256,-237.1139561084118
257,-531.7756540711442
258,-3.4018745325214717
259,251.05506542776055
263,-30.688237690190682
264,-220.95437188978468
266,-270.6169319857305
267,28.688914924836695
268,9.265805717977333
270,-60.980086699825755
272,320.7391354714122
274,-292.0809322172559
276,-384.60755346147937
278,-223.12745622586817
279,495.1277842447611
282,251.74927841706545
283,-16.17764852786762
286,-182.30078173068313
287,-286.0605016898378
288,-657.5134039645238
289,-134.93797899018554
290,468.18215499056936
291,381.3358684160712
293,-198.29756681869486
295,418.8597806572367
296,34.59952885461046
297,373.4175845834229
298,-29.471973485544712
299,-9.992662817744101
305,-105.344739727621
308,-173.04002876606046
309,-159.08983351145676
313,128.4760496072613
314,-89.96501689437171
315,-119.40058852025544
318,-54.15721074527658
319,447.2039310366555
321,55.889291336591114
322,-22.836977500081588
324,-195.8134175615089
325,10.116250396223505
328,43.61859671870645
330,-270.5651779176317
331,5.901260610226265
332,64.2471720624411
333,19.79102699765518
336,3.0040762879533354
342,119.27758195143471
343,-84.22630495597117
346,-26.92455012344527
350,155.00921389901706
351,-358.4851211186473
353,513.3572053145296
354,12.147042056715415
356,10.66223982621135
358,279.4429359980385
360,141.1968884836225
361,60.32296985467916
366,-152.04766833039247
367,-129.3535140552362
368,10.464624794406467
370,-493.5395544385658
371,273.1119037076504
373,-189.1974979770518
376,259.18839689151827
378,187.28665420235887
381,-48.91171642616298
382,334.56070924718955
383,-334.86971505900846
386,0.43943982912022683
387,-12.696790947175034
393,530.3250108364824
396,1079.1618949576718
397,723.4692260404239
402,190.83314818776248
408,-76.0546181884045
410,397.2934539352035
411,658.3287125412039
413,-83.38933787932069
414,-198.84108172716284
415,-175.1607702700309
416,88.58730921650726
418,-804.3944089407648
420,-407.62393785392203
422,-70.9017828650145
423,459.2871240824436
426,364.5996648165083
429,31.736607379151174
430,274.14739826832715
432,-173.40250522725768
433,37.78089069460653
434,-78.13716555992684
436,-324.0333680426533
437,346.0159569963809
438,111.83090411511785
439,-304.84277935925115
442,185.69930420078728
443,-57.43006960512027
445,88.47658978652512
446,252.3155911264402
448,-435.8226635868249
449,36.27070370743724
450,388.6863838909502
452,-112.67828933859934
457,-4.126923709427519
460,548.7369449258977
461,-219.4266517852425
462,119.400023756291
463,-174.77737412367952
465,-609.232031483
468,-18.19191526326511
471,330.95898478130033
472,75.6455409152542
475,-104.49188740107317
478,42.79027681518265
479,-195.2918394114322
484,80.67538710146911
485,-351.78568184033406
486,-47.83499019944219
487,-199.99717473979075
490,334.8808519806273
491,-64.4277747207166
494,-469.4906275626588
495,-316.1993956034343
497,27.097523709416215
498,-69.56302612384306
500,-82.53766644787488
501,-216.10195350283732
505,243.89832121033305
506,305.8339131363711
507,-476.57410645757716
508,-157.62642510129183
511,165.3714878344304
517,207.09602161169067
518,69.0829901488301
521,-489.7461527684019
522,153.43923464996982
527,-489.8624394693337
528,624.3297439908563
530,-163.80923036484404
531,526.5062747161338
532,-144.87811344463933
533,-17.089720221596423
534,-424.54582278950306
535,230.08966358596552
538,763.4076713555653
540,-147.96637193520712
541,331.7655681742995
543,87.87542603972327
544,25.959920043648694
546,178.81013632219586
547,-228.38406148129206
549,77.45625007885491
550,-15.677269301197327
551,343.14246204508487
553,-540.0035422528405
554,-35.7008652186174
555,363.7528549985237
557,32.0640326999767
558,565.5105299746242
561,-44.31594034690925
564,191.6074737256773
565,-88.58603075091168
566,68.25661541750443
567,350.88597687795715
568,274.9154043213311
570,-34.33587694915697
572,-813.5688128848471
573,212.54293248866122
576,-46.68078876790191
577,223.513060872616
578,145.58157149391937
581,266.56758348687174
582,135.13328595611898
584,83.21489312274403
586,-295.97234715367085
589,489.4561772213599
594,-257.55295286220513
596,118.34460150079552
597,417.39189320275557
598,-304.1100508221268
599,-50.47152572735765
601,231.81333201871038
602,-212.30854167591855
604,-337.24842616511506
605,-251.25859244708622
610,389.3224150803859
611,822.5986028125135
612,153.3668156907123
613,-371.99520330723186
615,91.84903106658248
617,622.0274594554861
618,-98.84931090110388
620,-445.8603796069901
621,366.4692095346885
622,231.4226152653494
624,238.81015400162985
625,182.64614738588747
626,-198.98981711256377
627,479.98932942063607
631,-298.47470505509705
633,-52.95658112477362
637,-583.6541297148228
639,-106.43993328250124
640,-63.820622265858255
642,253.2738684576089
643,573.4358320966903
644,319.26999965742607
647,241.58383590726993
648,766.3700182138126
650,-77.48423322350777
652,235.96902844779666
653,31.25357217130191
654,-310.4681404881681
655,-62.909463154413835
657,231.01768279421606
658,597.6644985555679
660,-27.98538803740175
662,-496.090542488231
665,176.84429812791763
668,302.01699100702456
669,-317.0405810870153
670,229.49575865772516
676,159.42788465981212
677,437.2428856129744
678,-260.6457337847836
679,-354.64318047381266
680,165.3734914660096
681,-244.5197615397642
682,266.37496671713103
683,171.92474707446522
685,533.3079300090312
690,442.2867972014526
691,647.6402053059074
693,44.943927237804594
695,-525.6021575329819
697,787.7445164304337
700,183.05067136744856
705,268.66618573667915
708,115.30827208861595
711,29.05828463918376
712,-232.33139350293376
718,-124.15483091370024
720,126.05795090876467
721,-23.38943189909988
724,-363.8421434778674
725,-208.91932479901067
727,89.07661172011473
729,-321.1532833653177
731,654.5657879015596
733,36.07338449741294
734,473.29112826825565
736,-12.12482559418349
739,-103.51425519665801
742,-42.200228818450626
744,-256.46966530173324
746,-94.89448627440888
748,-308.77416028911784
751,8.620694248576248
752,-521.7010106983702
755,-126.04512934970205
756,-111.82344539985894
759,-12.812076702168532
761,260.88639087737005
763,259.726503722232
764,-385.3925349508389
765,391.72450367584315
773,-203.6417737514387
776,-188.05857310536007
779,-375.8523172514105
781,130.95278404566318
782,-71.83429334559541
783,170.67258012524218
785,-94.4698212780906
787,-173.5267022190676
789,192.22968916033102
790,-4.9335342403513565
794,3.997604540273498
796,146.14054887388673
798,-505.3761513994641
800,370.6602513537351
801,-67.6124547152184
802,-162.46127875337552
803,-931.5256618145709
805,68.80110104790555
807,267.17418430504364
809,-705.4455844444578
810,-7.3561283830424795
811,-301.50178707749984
812,-343.939463794576
816,-318.6814802057059
817,-347.98947885508363
818,382.5597385975101
820,-80.24707477755715
828,-151.80351950239427
829,-251.34147098506583
831,103.39030946334898
833,-76.64618410909864
835,305.99957860038535
836,95.99090855444142
838,160.04484838019388
839,155.64044462742166
840,61.57414795039903
841,461.4374037875343
842,-33.50866408775678
843,137.73719049056723
847,-140.14908915274637
852,-269.4177956004304
856,383.53447067703394
857,660.299841303993
859,-64.1546664866434
862,-726.1253120033052
864,-506.335320033431
865,-67.37443956522884
866,132.23667251272454
867,-492.89764267448095
869,-104.10561123767283
871,-115.2173553098489
874,-430.4576923813393
877,154.99135982276414
879,-94.59344383263766
880,-346.28560893383803
881,407.8034752103
883,205.08775083690213
887,53.80855819372064
888,-280.7239160430709
889,-132.64277416209708
893,-35.45468433775573
896,122.31543497784334
897,-257.7247354016731
898,-28.4050878884919
903,523.6954806137609
905,-656.4019730534371
907,-273.76218093914053
908,114.4051158873315
910,-445.950251163805
911,409.0532096690787
912,-263.74523956066565
915,-6.781060226199484
921,-998.8342146271932
923,238.35155102650322
925,103.37642383369487
926,191.2491991556492
927,-418.20371421280015
929,-408.38524106510215
930,21.35977137757036
931,-126.95209033132073
932,115.25108673517994
937,-0.6998646966949948
940,-276.98535096695053
941,229.75742743511455
942,-204.66451703592594
944,-423.7266155606193
945,-161.23638995815156
948,-546.5874117786083
949,-126.53204146924605
952,-1.8144350219514216
958,-757.352429389373
960,-80.24397497835335
964,406.2907771410406
965,317.2043682988596
967,-262.5428663561862
969,-14.06712412483797
976,-66.23100573518725
977,739.4852200320795
978,-293.1701569217099
979,634.5274354527603
981,-91.13548071519244
985,339.6759704094869
990,-113.0978571270949
994,486.93943971604705
996,-237.07985858872215
997,-26.552432991007695
999,-318.2224061449392
1001,245.18284161903915
1003,-164.35630320358464
1006,135.7584737931274
1010,-64.6517969754987
1011,446.6516417773811
1017,158.22278355302683
1018,-81.14826448873688
1019,-66.2138471460535
1020,-258.82181239108746
1022,2.648701948239067
1023,-42.68665979965364
1024,-180.8536258251606
1025,-30.823066729366335
1027,-99.47679806849465
1029,-293.957300075148
1032,-337.60513927917657
1033,151.48549921378907
1034,-255.9476451773328
1036,-410.59610389950024
1037,-506.7723148921566
1038,44.05326282678983
1041,-381.112128121065
1042,38.97676890553509
1044,160.15989731265128
1046,119.92955665285757
1047,-244.36957201543837
1049,371.7796171724567
1051,-49.78484737115619
1052,29.427948357105024
1053,-384.3773593565104
1055,240.24471986127236
1056,398.54094759999623
1057,120.15545672320802
1061,-76.89450979193595
1064,23.376583107504317
1067,-43.43162384941585
1068,-349.89922781228984
1070,-232.3584949235904
1071,-110.66948382665474
1073,26.519861550354072
1074,-737.4637162440415
1075,-311.2579380749697
1078,219.13864684659922
1080,-238.9210708667614
1084,-18.403082544537337
1088,382.17612331236796
1089,-371.3557152563875
1090,-43.17586168416778
1091,10.001092279597907
1094,-98.68762749156531
1095,-194.32792067968853
1096,-102.305391559367
1097,-289.3922355114854
1099,-409.3236765928184
1101,-124.97363341476225
1102,-190.38209408863077
1103,66.6543792561563
1104,-127.8546919563005
1105,-33.49022769836034
1106,-276.6972894619357
1108,-111.18676382486136
1110,628.9592815608603
1113,-268.8469870362736
1114,332.0071603385702
1115,-170.0418719525128
1116,103.98427423550083
1117,3.7766823890207295
1119,-390.4567576998908
1123,349.1789892307198
1124,329.57265468077634
1126,196.80303216329355
1127,-173.8413646436693
1128,30.49415545964628
1129,-72.27888622505778
1130,606.5839269805432
1132,-446.79550256336336
1134,90.0472313386633
1135,-35.85356068943385
1138,-417.2341317645193
1140,39.183829633339506
1143,327.64583017609493
1144,-57.932905061063714
1146,-373.6715222191214
1149,261.2671733352331
1151,-329.39272924957714
1152,-204.00091760908614
1157,68.88888363482226
1158,169.07488154780086
1159,-26.660782617325548
1161,611.6012423125737
1162,-326.51969650422654
1163,-169.35046417739355
1164,-91.0066561866841
1168,29.27414646498073
1170,-539.128755375097
1171,20.82408311716125
1172,164.32764173675162
1173,-17.01898904865584
1174,271.2243833078329
1175,549.1395821550439
1176,-389.3524202653682
1178,-109.47219438493862
1180,-238.1187516719141
1181,211.6471998543167
1183,50.21752925034865
1185,515.4810511282228
1186,9.632291498103543
1187,-351.7839826398905
1188,171.83376077588815
1189,421.30235667628267
1192,-58.24044381007729
1196,65.27936722717307
1197,-369.7545733054608
1200,81.63361806640803
1204,161.67464892551104
1207,-314.1511752788749
1209,-421.12576430130173
1210,116.79947599604412
1211,-525.2367227950274
1212,-863.4150072618711
1213,-32.75321143441079
1215,-126.48703369247161
1216,371.6907385592935
1220,228.22070779011983
1221,-207.4221938337799
1222,42.615328643946135
1224,171.35841991531112
1225,89.42898654546244
1226,-69.4869712296805
1227,-100.51239471976571
1228,-482.6339524518271
1231,-5.351478311727842
1233,-360.5722117878139
1235,-102.82025459654326
1236,-245.58877034321313
1237,86.24216370364755
1238,-300.9047667872237
1242,-64.84695338089348
1244,-291.5056192268354
1251,412.9786355898402
1253,8.43913251662349
1255,-55.643237544160336
1257,711.9418502984402
1258,192.36415746622512
1260,-19.284828697778174
1261,115.78623351379095
1263,140.1610729905142
1264,-253.1534967570027
1268,-301.0015673228568
1270,-130.27916787536992
1272,-103.57766055013423
1277,-77.05635392891884
1278,6.103648926609619
1281,-530.7625203811579
1283,-143.04190309763067
1288,-532.212649047841
1289,238.051401543947
1292,650.5595595400112
1293,-94.4721116718125
1295,-377.66924874280176
1298,156.1520858277617
1299,-173.7596324880746
1302,-235.94591529041747
1305,116.95192478052397
1309,484.93728740816744
1313,416.47022243815934
1315,-323.7671019300109
1320,-9.170330397803282
1321,-862.3213117342182
1322,268.01968166941106
1323,-28.38715496138511
1326,836.3626998528101
1330,698.7801085440285
1334,-107.75304986780282
1335,385.73438056251194
1336,466.5243474383147
1337,-242.50814162789794
1338,-461.2147832694219
1340,-141.22860381310483
1344,236.4442524067236
1345,141.22731807372017
1350,201.0812347896598
1351,-240.18453816315898
1356,250.8830388534888
1360,42.684522491487016
1361,-237.62391021500753
1362,326.8754837266272
1366,-584.390075565678
1368,-15.558681198440988
1370,-459.33727981666743
1371,-61.65882451662758
1373,-99.94369805970051
1374,-62.983695785852916
1375,-37.427572252799585
1377,193.21495709290056
1378,-408.28668613800033
1391,-502.54187136152245
1392,278.3295652167249
1393,390.39083277273824
1395,524.9521711519766
1397,-66.42934504720674
1398,-208.8593313298478
1400,-352.9512829374644
1402,130.61871058830818
1404,264.95656108596467
1405,-238.4214599072622
1406,-728.432533769364
1407,-415.5828601635601
1411,-452.5771099472828
1412,-477.19859256358933
1413,96.43403284340818
1416,-155.92600969692924
1417,15.926497840640112
1419,18.803403649247365
1420,-83.90596273622526
1421,-49.56563319517747
1422,-47.39116403975039
1424,-125.23439898967786
1425,-114.05762487813428
1426,251.23206891352103
1427,-52.398151180870016
1429,689.9663971313959
1430,168.4925260950478
1431,-209.93413549225036
1432,-166.8746176763691
1433,-79.39847499832904
1434,23.321806301221272
1436,-63.26624425562712
1437,69.78919416706124
1438,283.3481312034581
1444,-183.34845688880242
1448,-494.78010717831626
1450,-118.37616566189558
1451,-274.9082065610618
1454,374.1171190798887
1455,-347.3310774464094
1456,-254.44259003269818
1457,-415.49389622801215
1461,-252.93612685515535
1464,153.39863009278673
1467,441.02806785947325
1468,167.51249612731394
1469,635.7146192493527
1471,291.4779623095427
1474,-276.9674350496751
1476,-56.4965280358751
1477,358.5929142774096
1479,575.8596980815305
1480,106.60099750368806
1482,606.7223678648527
1483,515.5005929749602
1485,-413.176145011259
1487,-416.7383417012131
1488,-53.04932121821551
1489,-673.5218239887483
1490,314.33638906294595
1491,-40.24438896546867
1497,-127.94137907639491
1498,86.07677752711416
1499,243.59317200222074
1501,-159.55470160072866
1502,-499.3204611885101
1503,-51.74840130425472
1504,290.81310168544326
1505,262.2844380189211
1506,-1007.2069438670901
1507,2.5033586831872476
1509,-276.5335751659221
1510,-202.5243971043402
1512,-29.216866275522236
1513,32.868945521032515
1514,-180.70546053511106
1515,140.6615612523008
1517,-138.40250657884494
1519,332.10528260667087
1522,-485.2674585280972
1526,621.4863822864266
1532,149.50502940842233
1533,57.23023920786668
1534,-137.96068150264483
1536,172.89877027383355
1537,-124.5063977037479
1538,470.769797284355
1539,-193.00398193382733
1541,101.04947458588205
1543,53.62688143283321
1545,513.1776995862505
1550,-493.4353605320991
1551,-19.108129688532465
1552,-36.41176397539358
1553,-220.76735537266853
1554,297.60327076601396
1556,56.03935263254896
1557,33.215105745769186
1558,-213.32271759298374
1563,561.5404977065995
1564,-73.41974816887003
1565,-220.6111414815752
1566,-100.6374130356101
1569,-199.2389260858984
1572,-502.8770999631503
1578,1.8963314172336982
1580,-401.3037835831952
1582,-221.15536182803447
1583,10.20433073974265
1586,111.5653132191262
1588,455.51424516701513
1589,56.733302772980664
1590,-51.49817887788669
1592,144.96034222362005
1593,93.6288884452463
1595,785.2409650106243
1598,368.30181931896436
1600,143.86724269098326
1602,-0.468085947523063
1606,-314.4649756493201
1609,129.9563732269403
1610,-393.7241085059067
1611,-54.086594443462154
1612,146.23123926112947
1614,227.55542811536088
1615,537.6871360051414
1616,297.9471688186325
1617,321.9621834714553
1618,-206.4383151042986
1620,-697.0733515606178
1621,-307.3748919633022
1623,460.81051676506684
1626,53.48847354885154
1627,-58.8972214899119
1629,-384.6890048226825
1630,44.12416149487606
1632,-17.75048777060513
1634,35.135366049148416
1641,105.09334133374404
1642,-171.1084711403609
1643,596.3013571854318
1644,30.107003407925227
1647,3.9231234763639957
1649,-90.90116988040468
1650,396.3562727196786
1651,-454.56795669427487
1652,-384.89714001163804
1653,236.50196556473225
1654,474.77526857489073
1657,301.4855463279581
1658,-139.4270092640863
1659,159.95372938039552
1662,7.558731911765074
1665,-70.07291759362928
1666,250.36824833557475
1669,-509.5973333609073
1670,152.00919006129692
1672,93.60447255623889
1675,-669.274259982433
1683,194.8422545264334
1684,-411.2902563870187
1688,-4.2884665049866
1691,-317.78612438161497
1694,-89.91241479257799
1697,-119.46686616658982
1698,215.0487961984835
1699,564.9834395966054
1702,-19.650306466734143
1703,89.29558348032933
1705,526.8728936488377
1714,-165.76037413974646
1717,-134.9715401243477
1718,395.9074293891555
1720,-209.57341081668207
1721,-269.21035436223985
1723,287.0896488634644
1726,-175.25927366918705
1727,-320.19755703281885
1728,-486.5769427954202
1729,-158.9601255205778
1730,-513.6690509688344
1732,-324.3644741500541
1736,-82.31871283405593
1738,-488.9184163771824
1739,309.45137940132156
1740,-455.8924701339357
1741,181.66730830145173
1743,-30.402977927304075
1744,190.16141459153914
1745,128.33934291835564
1746,80.6195077230101
1747,251.91188937718226
1749,239.5425838368122
1751,-300.4271346604162
1752,243.52495128069407
1754,268.9949496372958
1755,386.32503545769436
1756,507.0923520852102
1758,228.66172558115375
1760,243.68882814005994
1765,110.19555816871168
1767,127.03120523083786
1769,596.6013900478082
1770,-417.57168022153917
1773,141.06494778397882
1774,-429.0252878624566
1775,-27.28155329816326
1777,539.1136710153554
1778,-215.93241873282852
1779,-37.258437920252895
1780,361.31019053316084
1782,456.16421861806145
1783,-103.18228098984189
1784,-364.29361210252017
1786,377.35987386100766
1787,-404.91185985242686
1788,443.15498473696664
1789,-207.0155931026025
1793,-123.21865517796024
1800,-106.89950761320267
1803,238.4009234054366
1807,-416.1875920741255
1808,53.08623939418131
1812,-222.8641702296492
1813,-313.90035969534824
1814,-180.65313574894174
1815,-0.1765550304860426
1818,-362.46025802579686
1820,408.3216705411861
1822,-487.73177104020647
1829,-110.29149396292235
1830,-374.91493313464485
1831,-414.3088380997654
1832,192.5332083175312
1833,23.17703408234876
1835,-144.48067865835628
1836,208.37937477160727
1837,120.03650568281361
1839,99.0821903373936
1840,181.11928384094273
1842,-29.789649316072534
1844,95.02914075596581
1846,-82.02625246733092
1849,27.482771681905625
1850,282.2956256448038
1859,435.3059697862154
1860,249.13051622822542
1861,-548.4321934319562
1862,-163.86366969809535
1864,-360.419929129485
1867,209.31019142902517
1869,-222.9524985763536
1870,-267.1504842505081
1871,-195.17362978119618
1872,106.02921689214375
1873,237.73897614111246
1874,-352.8188011381904
1876,119.4293887215932
1877,245.86149526945968
1878,-43.68550121467951
1880,42.791727522015464
1881,6.9385129770537315
1885,-244.80085989747982
1886,192.26849192107795
1888,-17.04882744662173
1891,47.72824285877143
1892,-843.7408432980678
1893,-515.216554974396
1894,-114.75447460444329
1896,-253.87267038737465
1897,-397.7060827786431
1898,-742.8753366138327
1900,-4.503556269423338
1902,-744.0109498701873
1903,301.1160472171648
1904,326.5061626084824
1905,-544.0688588558538
1907,-894.822830718133
1909,-377.7215143146782
1910,-210.17133179225794
1912,-555.3905700632345
1915,-420.16765765997707
1918,443.3415971850231
1919,141.2337181654923
1921,132.66969504228848
1923,-170.1715405105665
1924,58.56980212813715
1926,113.38492921214264
1928,92.7291680784549
1929,-0.076755649437521
1932,-91.46941303740539
1934,-343.40117111862503
1935,388.4217552148847
1936,-144.32311520089394
1937,-4.917947107112282
1938,-662.8555606214313
1941,300.2665428383344
1942,-351.86961860200597
1943,423.28034970664817
1945,-127.07081988020103
1946,-201.17366776974993
1952,166.32698033764964
1954,559.0682269747635
1957,-683.0426435712711
1961,-220.68266209699507
1962,-320.19184867806246
1964,-189.6652662966917
1965,-98.51265401744288
1966,45.873987727186126
1967,243.25682912643958
1971,-136.97648558843935
1972,44.80546148461719
1973,-475.0189590384988
1974,116.38943271132253
1978,138.22153715589167
1983,-132.26650590775847
1988,147.8533380773757
1991,118.18778635916838
1992,202.10392159923725
1995,-177.70397413840888
2002,565.2854334060032
2004,152.17296568344466
2005,-307.07738973837854
2011,262.39712674429984
2014,665.3502337583468
2015,-77.87913093123291
2016,95.05246074524561
2018,-132.75729285322774
2019,133.30845608512894
2021,60.88510719901176
2022,-299.5176848304935
2023,-431.5619613968304
2024,-3.9506005423981883
2025,86.45644358864168
2028,-152.1013765858883
2029,213.2569002871718
2031,293.6065926204122
2034,463.3421235246501
2036,170.21812634175987
2042,174.51581170818105
2045,-52.40774399465776
2052,-254.23539631215033
2053,-303.6089536204985
2057,-251.70881750275782
2059,105.38414148965586
2063,-369.35073695922995
2066,194.40674662506245
2067,-197.2885360271374
2069,-166.5154141268901
2072,46.3273923963666
2073,77.15784296705333
2077,26.0312373894416
2078,-56.658773544267305
2080,-45.693714269407124
2083,-287.2643037584393
2085,47.32295896746848
2086,-120.98259142607083
2088,-326.5384205116285
2091,-677.6599354786639
2092,288.1278812997529
2093,-58.24150109658355
2094,-461.9379839630654
2095,65.85123948274111
2096,204.4725721816111
2097,36.00408463047141
2098,130.9193877300697
2099,-224.26255865147175
2100,438.96755004104295
2101,162.1470011060499
2103,200.02428825132137
2104,342.51538848357427
2107,255.53772124803447
2110,276.9871936678942
2111,-1412.2700893456026
2114,73.42891634096642
2115,-102.78071590955875
2117,259.89361641687515
2118,477.414814558257
2119,-42.84236226567719
2121,136.02476743506588
2123,-366.2822857379924
2124,189.77981180804662
2127,288.13628035066716
2131,107.99143288020417
2133,-404.5942642578881
2135,51.37057234218044
2138,-542.3997849823689
2142,14.832825303434364
2144,-216.18667147787187
2145,-148.49562737137433
2146,349.2165640783171
2153,399.0672800058398
2154,-427.3160525937999
2155,-319.5999576027988
2157,-515.2323779605152
2159,721.7588636279902
2164,327.6315466541331
2167,294.6363545395817
2168,95.191503746291
2170,254.79893031065964
2171,-161.76515416200348
2172,45.77141202778225
2173,332.71175371848005
2174,-545.4714073193004
2177,310.2042581867929
2178,-191.02954586422516
2179,-478.0812820484099
2181,38.514168279141785
2182,-439.3568143179525
2183,309.4895650398959
2184,451.8947866558435
2186,106.94081689623326
2187,-513.6220276786751
2189,56.04981174365508
2191,163.13391496416713
2194,405.02463238742894
2195,528.053140279574
2197,-462.48204205972115
2201,-45.28058365627159
2207,-196.1934315024186
2208,-269.9055087659806
2210,-32.13434296522995
2211,622.0333689778644
2213,128.51526904956683
2215,-364.1055441957619
2217,-0.39185397814049416
2218,-93.93142501170018
2220,233.82640641832924
2221,-88.8752425221308
2222,-52.35248550133245
2223,-820.7803406202925
2225,-369.3701266154254
2226,796.3473219895142
2227,-628.5099000657303
2228,65.18249857442231
2229,-502.6119849790182
2230,411.0955657626429
2231,98.00531755935296
2232,652.9296460309934
2233,353.5619404622031
2236,-728.768184347834
2238,-18.012955312227913
2240,-532.8609826410568
2242,197.11684763903764
2244,796.2848261765666
2245,-103.75618820082386
2249,-145.253138932526
2250,-254.32274654854797
2251,-217.14879269778777
2252,-317.66696343216006
2254,145.03957630295835
2256,-195.63340431069824
2258,146.71055206760195
2259,-322.48786555588896
2264,-61.566345228033356
2266,-78.04892308687883
2267,-21.28947265651041
2268,-23.221424385329183
2269,-357.34568431598973
2274,-81.19790824311396
2275,-104.21864468362783
2276,-218.95194286383003
2277,-292.6808061622092
2280,-264.138208596682
2281,-68.39387530325847
2282,-38.96894338338117
2283,348.11778592341204
2284,366.93088273683344
2285,52.63659167975178
2287,682.7097793842418
2288,109.37928081747344
2290,163.63623144376768
2292,30.627441754444888
2295,299.96786934999733
2297,-53.09335892373821
2298,-98.44847870858115
2299,-92.47248898395583
2301,-41.76403054346183
2302,-219.79272058326114
2303,-453.0470004376316
2304,-72.50269007019082
2305,-110.50131274885777
2307,166.31955012162328
2309,-79.74078782547647
2311,-369.4325609274518
2312,199.496494059248
2313,-480.5425152276307
2314,314.8338238291736
2316,-164.08490258573727
2317,94.93245712521562
2318,-398.88764503813235
2319,-680.4713139789892
2320,-262.5986986346621
2321,127.43462582148217
2323,357.5936664576704
2325,-137.70311873317547
2328,-47.00234948790984
2329,-322.6044372269247
2330,-556.078015467699
2331,528.4877976984935
2333,-23.085038603498333
2337,16.533977191195646
2339,-156.68401472679835
2341,-157.53160903978656
2342,-31.88298152624899
2344,-459.86121484840567
2346,-243.89402430775053
2347,99.92412357940452
2348,-128.1866993708728
2351,337.95244955993223
2354,-99.21534335113118
2357,138.6631409348553
2361,-721.5434484293532
2364,243.14601303583896
2366,204.7996118816351
2367,-599.6119748592675
2369,485.5175478201509
2370,159.9058681914859
2372,-763.78667544341
2373,66.16427291041984
2374,146.27503391180122
2377,-61.19463401928794
2378,-176.21494476900259
2379,-244.20262606798985
2380,-595.796090551989
2384,360.45674603100383
2387,595.6000714617028
2388,299.1114423490258
2389,-246.63449519128176
2395,-255.74978467250844
2398,-668.6661652293631
2399,225.9712099750498
2402,-39.90237328361176
2404,-207.29524292762648
2405,31.97038786322728
2406,-223.88830536925695
2407,-623.2280143018108
2409,-13.346721512932092
2413,454.92236683498254
2414,-62.464041023664294
2416,-219.2198168431549
2417,329.95166750224496
2418,139.65096645593005
2420,-351.53609954441276
2422,-308.4886637355429
2423,-196.53650314915586
2426,469.3173237291553
2432,-75.67622679552994
2436,325.771122648371
2437,501.4176475027366
2438,-236.536100501573
2439,-208.41604124813745
2440,-386.50949018838753
2441,-46.47682147798746
2445,-96.72691497443054
2447,-94.64698459476378
2450,23.323401644558977
2451,19.19821897812929
2456,324.86978316914
2457,373.3992031144402
2458,-1221.6252748028987
2459,-522.9496258796087
2460,116.23970676767817
2462,363.99982774122816
2463,668.1920649345742
2464,-377.2283692522894
2465,89.76235706574425
2468,140.0916484032519
2470,-21.503187589082753
2471,268.0619177762452
2473,213.01553751612096
2476,-237.9938845711847
2478,4.198164872737999
2480,206.1950160707479
2481,-672.813373494706
2483,-326.12856546982255
2484,-138.26694931830258
2486,671.0296910548933
2487,-197.80112391003604
2488,-24.80689408320285
2492,358.349139868611
2495,-226.06522981686248
2497,-191.4250037233714
2498,-92.72819949780107
2499,-554.7239186586895
2503,1.215303102440739
2505,-214.97936458337307
2509,-432.35884502885006
2512,-80.44501195627386
2515,-59.43045822364566
2517,398.1184323356061
2518,-186.20776929946453
2519,-243.86305750287883
2520,275.24400486966357
2521,-503.26386620521316
2522,-612.0784870839441
2525,-24.781450331018743
2526,-440.81426294892685
2527,234.0632979927364
2528,-400.1694577122097
2531,-86.48596198236993
2533,-760.9544057749866
2534,-323.1710418519229
2535,377.3769611217148
2536,-263.00925489471786
2543,437.139214366895
2547,-289.5942798779782
2550,108.89980530264745
2552,273.6644952806457
2554,356.46476558171514
2555,-209.6560816732623
2559,-39.3935267150089
2561,-62.62653107672213
2567,216.10014960406977
2569,518.0039043060171
2570,-355.1552694920941
2572,105.87234582295503
2574,86.41744798353761
2575,198.7387086263094
2576,-85.26663524519785
2577,-206.820072496845
2580,272.7226005140775
2581,-82.07453173832127
2583,638.3888901009432
2584,59.53552744112979
2585,79.20894205359083
2586,229.9814067725353
2587,-713.8250746809927
2588,156.33231226898783
2589,453.7100195797872
2591,82.64711141516923
2592,143.05953700012478
2594,-275.82326087230376
2596,-247.8025806354204
2600,-319.8132576485103
2602,-536.9028795662678
2603,-867.1330099078988
2605,-292.12504577498396
2607,72.15305421582045
2609,-274.3031906464182
2610,-223.7362418338788
2614,-515.2484700485958
2615,-244.5679721008216
2617,-73.2000349216574
2619,-324.996099238448
2623,215.94868989624132
2627,117.7199544950941
2629,-0.7917293826272527
2630,-53.342797081314814
2633,-44.16269464020132
2634,126.30876932846849
2638,-586.6107158057082
2640,-306.8746323065002
2642,-118.63991470201611
2643,-543.2675692334925
2644,486.9993003821329
2646,27.196544887075397
2647,-264.6917342035643
2648,319.8768853125264
2650,-492.04179573232386
2651,413.3120770311511
2653,168.29986539695602
2654,-353.3570674962668
2655,-97.62634554659573
2656,-721.7701051948585
2659,506.28651113322223
2662,171.56929568170685
2663,-277.4472230485353
2664,37.11380917338472
2669,-272.74514861888423
2671,541.4572092151925
2672,39.224536887581976
2673,-547.5920862074036
2677,-429.4480246684508
2678,-64.90884323388454
2680,-23.45687161286145
2683,-54.5011566541739
2685,102.84517490529097
2686,30.41213961120816
2688,-96.48605721297328
2689,263.54891565304763
2692,-82.34177940292238
2694,108.22237864269931
2696,-588.5713857819618
2697,219.59888011462692
2698,199.9443232192008
2700,-90.6867168908137
2702,-152.9233929109585
2704,-273.6665182139141
2705,341.4666370155388
2707,183.8157800127477
2710,93.25093993869899
2714,71.7397655108287
2715,-141.58372135152348
2718,-165.73132938774097
2721,-117.32870586459133
2722,345.0689207030209
2725,15.210676110919726
2726,250.9711143826328
2727,-71.34771607167777
2728,-464.40458988411484
2732,-37.97553633549035
2741,-657.9771304391315
2743,-340.7367373476539
2746,152.2318139133185
2749,-529.5992062392427
2750,-254.52608930042754
2751,430.49851555340155
2753,16.896166179144075
2754,-196.52539923186853
2755,106.35130965618
2757,29.205899488157925
2758,324.1200929649435
2759,20.41300586774794
2763,98.74607884586206
2765,-439.56272544929254
2767,-109.24659137071744
2770,561.9871991564855
2771,30.921989082091443
2775,443.40406521760445
2776,-475.1449071270622
2778,177.00899914296565
2784,668.3894795933284
2787,-316.04721339034785
2788,64.21041540649188
2789,-52.63006872621621
2792,-78.47001934688527
2794,662.2109982788907
2796,-186.25714460487842
2801,562.1028238338575
2804,-172.56319900611877
2805,579.7992643058406
2807,14.15313751534171
2809,212.88160524022226
2810,233.24393350581363
2813,-61.58095044158415
2815,-85.26711965561272
2817,-399.8720953852147
2818,44.67871015303692
2819,429.8451553616037
2822,-180.94899773601622
2826,-218.5648725677471
2827,155.8421633569965
2829,-448.4947803462786
2834,285.6589646868778
2835,239.3371220216681
2836,-1.2505473380040115
2837,368.9456067448227
2841,-129.01080560151672
2842,-162.0307024410494
2843,8.75382279013196
2845,-570.7835552135763
2846,484.53303733332217
2847,282.41290135172915
2850,54.347949265604434
2851,-59.350016598282934
2856,-375.90358460563283
2857,85.21713175394024
2858,-77.51795844233132
2859,-65.98623750366214
2860,-225.07614630308805
2865,288.5381992626178
2867,-92.50744521471162
2873,-10.06921421975109
2874,276.8279619545799
2876,-43.96483498926713
2879,-348.775324081441
2880,-83.27487148705107
2881,-380.4061196795511
2882,735.986994512192
2883,172.46814693854498
2886,228.00168829321814
2887,296.74790513642813
2890,-220.49207337615076
2893,-200.71192700499117
2894,132.11781169826884
2895,249.1337067203637
2899,288.8118293732594
2900,305.69324705304405
2905,72.0003559150171
2906,44.26030936450415
2907,150.32780356332063
2908,-545.6661104047963
2910,-123.36920007323351
2915,327.32426472306065
2916,3.3654201478918253
2917,-131.43613675403256
2921,-565.7000555798094
2922,245.0555742600435
2924,279.57125081438346
2925,713.9879094334619
2927,117.80423221868475
2929,23.01479347216185
2932,5.476305605659167
2934,-187.49580096052586
2937,180.63302916606082
2939,-564.7063073077724
2940,123.330058195835
2942,-156.54539738976388
2943,-178.02712851752713
2944,-6.6607702258931045
2945,-234.02405539063244
2948,-326.97444228316397
2949,357.7286410734556
2951,-772.5842564595685
2952,-72.12488293913843
2954,323.1304288997658
2955,-787.1275356614742
2957,489.863934951858
2960,481.0086647146353
2962,132.69206043340324
2964,-259.592254480312
2968,150.9777389441887
2970,-483.47436334763717
2974,148.06474397857502
2977,194.60956312136733
2978,131.05294355187104
2980,-378.87558014735004
2984,-645.8557389997991
2985,-311.7713173852147
2986,-218.22368596973922
2989,-4.424810691936321
2990,-619.7846877391947
2991,-294.78251459926184
2992,122.14448718525321
2995,-385.6369074143955
2997,-205.05807571781327
2998,84.0817160028337
3000,80.38060836620384
3001,128.66591636159467
3002,-255.3549059653133
3006,-327.52034017357727
3007,-203.20587427837285
3008,78.94061737700343
3010,-599.5737673881961
3011,222.74097119356634
3012,116.66074170736948
3013,-136.13338151298643
3014,82.20097439638374
3017,457.74127812817187
3018,260.91706627246174
3021,154.75850054388656
3022,247.52686326666776
3024,2.2433688814394497
3026,-68.91903907941976
3027,359.1152065174854
3035,-246.82107112077512
3036,-202.1827769493059
3039,126.95908038840162
3040,169.90300890577788
3043,888.0791729224599
3044,-62.76693086439874
3047,-200.63102305959728
3048,-223.2959672269569
3049,-140.27715187948584
3050,-196.38123436272463
3053,703.9624918196122
3055,-381.4383282990996
3063,39.82558987960692
3064,33.96186900897987
3065,-79.44107526144874
3066,-526.4214022069775
3071,-185.47119942334132
3075,-114.80630757316534
3076,-411.05364553361966
3078,299.5430176875195
3080,232.90996669617056
3082,-140.85384670369686
3085,-284.6520890241444
3095,38.43969438890098
3098,-344.87214081214086
3100,-518.9728362069511
3101,277.9131689758942
3102,-220.8251434793668
3103,-309.0230092829843
3105,167.31766065778288
3106,-286.98990153939445
3107,384.3355075431299
3109,-232.65470025288215
3112,-234.61874114662768
3113,-457.39376110891595
3114,-442.99548398598427
3116,-323.13521937230126
3119,-297.9020063312272
3121,-350.2823267859629
3123,636.0140355263115
3127,-159.92340034916398
3128,-378.5841059081686
3129,-634.005756399029
3130,-152.7213758459749
3132,-269.09017661228563
3133,134.18677380179702
3135,416.6571700235288
3137,574.1016452766712
3138,107.67210277715674
3139,-56.70053381115794
3142,189.8045778580805
3143,-438.27446619091506
3145,419.91276133674637
3148,-133.90593000119406
3150,42.204822342758014
3153,335.6396173666096
3154,537.8323454185614
3159,-215.0946304004354
3161,204.7100502074316
3162,-234.66178318274171
3163,19.461204340920624
3164,282.4637113746433
3165,-124.74939143529247
3167,194.7585243483698
3168,-88.40171872656417
3169,-160.31123245576086
3172,-355.882786409919
3176,276.0146958132985
3181,-163.71572152900137
3184,-182.6115320350511
3185,-715.1667858924008
3188,-221.85439817104964
3189,480.3962563728399
3192,-498.07457801655335
3193,-497.63269481430154
3194,-1.249378947185388
3196,134.2928528324031
3197,-324.2713614005778
3200,-80.42045014895332
3203,191.011208632368
3204,-70.387161182955
3207,-3.4314360808877726
3209,257.5400080890439
3210,-396.4901249889443
3213,-423.35608490719517
3214,-304.09017035835694
3220,-435.52068097035533
3221,-41.11490161084897
3225,-188.11252404519632
3226,-79.63126572661801
3227,-83.44311480002987
3230,-137.37331637828194
3231,315.32469695372714
3235,-520.6059481853822
3238,66.1858142636433
3240,51.229428320655245
3245,238.01827256830225
3247,-248.3772317119973
3248,-1.660220670870423
3249,406.5379332730393
3250,-366.6749993556121
3252,218.28627648398088
3253,-68.40757966151814
3254,-337.89186896212954
3256,16.422056656447957
3259,5.999478008700157
3263,-95.95395682425502
3264,34.723642412507594
3265,71.32076682850874
3268,342.6146432438055
3269,-311.5176097622185
3270,16.66661575169256
3271,159.89397040296012
3274,471.57596760444073
3275,147.38437528585231
3276,-1.756475428428347
3277,-65.75871926265637
3279,242.77506832721954
3286,-103.46579868482242
3288,391.60878956297597
3289,-682.6415171390177
3290,-221.45233090076573
3291,29.265509136615485
3295,-438.0976683917525
3296,695.3428605151241
3298,456.1801213360432
3299,-1105.4379279536297
3303,-279.57506590320304
3308,-36.08912022364679
3311,-60.29763531764458
3312,-432.9050042580765
3316,108.4690393224421
3317,335.3847911787218
3318,13.478460367808408
3319,782.6048011110335
3321,-184.69687808211205
3322,-420.0406417502586
3326,145.62919267613907
3331,-715.0310959104129
3333,946.0303961248177
3334,41.442996862125874
3337,26.122768494087758
3338,-329.1178626445845
3339,248.26198844456667
3340,-392.0207388361039
3347,151.08229118399018
3349,220.65795997079516
3350,-119.62222214451336
3351,167.19082576398574
3352,71.26540903754662
3353,-572.165567431216
3355,-231.14336484572723
3357,-17.325210592582334
3360,-77.73610269800423
3361,34.69584794069394
3362,-472.75132589343525
3364,234.8647506363984
3365,-493.61713481734444
3366,-311.5188292325686
3371,-81.2595444104923
3372,87.27989468733836
3375,319.57702522488137
3379,340.99246292253724
3381,72.14318209409849
3382,-172.32801451688232
3384,83.4077701807604
3388,23.375151081950605
3392,120.75081258797806
3393,-547.7541813649971
3398,309.0321830260674
3400,-303.79598751237603
3403,168.1014181640765
3404,795.2175677392444
3405,-355.0817308079835
3406,387.0429768594182
3407,-614.4642081815764
3409,-123.64545935253116
3410,241.4936523680915
3413,-322.7674170586953
3414,99.57341460486062
3418,1.9243042809527768
3422,-441.7286257487701
3423,321.74715241919455
3425,70.00219147214841
3426,-1133.082441396739
3429,-197.9150588267643
3431,612.8948642228321
3433,-723.390063465083
3434,-454.6942680932123
3437,-243.91197394723298
3438,629.1031786358047
3439,-874.3802045856459
3441,-449.5244891662539
3455,290.3154187080676
3456,205.6988684546738
3459,400.66767625254556
3460,232.52643548352648
3463,143.99030797023033
3464,-457.2832161840305
3466,-74.80248951503029
3467,-138.46892372004572
3469,-303.1846163823558
3473,446.2658924422957
3475,-25.94713102981199
3477,-176.6539489449547
3478,-172.94960846126884
3479,-289.01730747394964
3480,-91.45087237808463
3482,-628.7911526495566
3484,-524.5865192093611
3485,177.57010980544493
3491,-406.57371375179554
3493,166.4977739714955
3494,-469.40003070051296
3496,801.764122202603
3497,112.43853441611532
3499,-443.4239587340654
3501,-21.263468224104383
3503,-33.678693003140374
3504,-0.039885076432852884
3508,-313.8202055996531
3509,381.101143225389
3515,-357.30375209954246
3516,80.95538506755851
3518,-73.90892679608343
3523,-124.0844978223066
3525,288.44626013528716
3526,-84.92673809252094
3527,29.786028531917083
3528,47.121317147196415
3535,-37.95043880813959
3537,441.01766749961166
3539,-10.937065081747843
3543,-533.7364220856276
3544,497.092859470098
3545,136.22661007184507
3548,510.36945078261067
3550,271.3490254469976
3552,58.122987721703176
3554,-542.692856610247
3555,259.1540039988475
3557,-19.784888191733277
3558,-166.6410641274693
3559,-756.1922669773253
3563,-59.983976012441985
3567,-183.64999700984993
3568,-160.01695711821276
3570,-152.89885602157688
3571,91.24268329092
3574,174.2480039390212
3575,61.20385886814338
3576,-229.93650118730943
3580,179.4424901309043
3585,419.2352255007521
3586,226.916090640925
3589,-46.89341164838748
3591,-80.68469314641291
3593,-674.9658367481405
3595,-188.21516325033184
3599,-370.2105812133525
3601,9.568231274190802
3603,-200.92390134577613
3604,211.11918891159345
3605,400.0332546188407
3606,70.38146561408853
3607,-125.49378420863269
3609,-3.0718625668940778
3612,-912.9869267791814
3615,-77.1590067095976
3616,-169.07582186852824
3617,-79.12856827387525
3618,192.5943825546999
3620,-173.15175955141208
3622,-366.5630475784174
3624,241.7595890345723
3625,325.4059405138803
3626,248.7514294605776
3628,256.1107979919601
3630,1.8378001625250082
3631,-345.97573348930575
3633,135.19986038426046
3635,-334.58929563215827
3638,-110.17603496903074
3639,-55.9536501716035
3641,109.14760634590358
3646,-383.27385848773883
3651,408.61597012588106
3652,-581.926159780274
3653,559.1076033159193
3654,68.19498395522673
3660,-379.7416189773338
3661,274.0394055456645
3664,198.71878201547685
3665,146.2950429594835
3666,286.85324009913745
3667,-142.29709855167343
3668,-181.95859647278948
3670,-38.63780854291978
3671,155.77649462927266
3673,-717.836201996113
3674,-412.21551037380686
3676,-63.88328643602321
3682,45.75161291502617
3683,21.92597508974989
3684,-424.8284309865538
3686,-26.026591940072663
3688,-224.6100416160357
3689,-154.13979856239445
3690,144.43508861959532
3692,79.96209301542046
3694,82.38567323687411
3697,-76.54002287705958
3698,18.44464950806826
3702,-44.48766233480763
3704,611.6593638073346
3705,190.86985031597655
3707,-235.65885718068267
3708,16.74423942982863
3710,-210.26443362417513
3711,-429.45255636988963
3712,373.0460906926754
3716,-223.1789276846456
3718,194.17175029569484
3720,24.064471420696258
3722,371.2656325633451
3725,7.365432237530099
3728,131.8047444010985
3729,-29.899764681220276
3732,290.51606233532175
3733,100.94553306154035
3734,-513.037831446228
3739,-44.94828448418622
3740,181.6326228573079
3745,-516.4871878344755
3749,182.19281930835749
3750,105.98855739921595
3752,217.5164888521176
3754,-91.671345592325
3755,-3.1999863237995445
3760,-597.1815134476292
3761,-176.42486584326483
3765,45.46463161797492
3768,194.0210209466702
3770,-146.43879600100146
3773,46.89678164048075
3774,-490.2482465932435
3778,-499.63102284645197
3779,178.69482933629297
3781,-646.8914030392918
3782,-799.4622779275744
3783,272.86651153230156
3784,387.3623837928449
3785,116.07939309072728
3786,271.24810595668913
3788,-56.35451319694481
3789,-140.81094066310163
3790,310.0594865561016
3792,-38.22980745132866
3793,-586.3501985245085
3794,402.7843834350866
3795,378.6567363992691
3800,253.52572460799786
3802,55.43412366536676
3803,587.4998241885422
3804,108.58234034832537
3808,-433.9484346385558
3809,546.1118193534569
3811,256.29801897267066
3814,417.51006657604364
3819,289.81547407124725
3821,-115.19392675467095
3822,-146.29433204861576
3825,90.61465279332072
3827,-325.60825249447896
3828,-58.5246051383219
3829,90.58290784886162
3830,-130.235542141018
3833,224.5474326148386
3838,-515.7031294735876
3841,-591.215355937697
3842,438.56080102431497
3845,244.23862038219806
3846,-143.75105419313482
3849,337.00992134362974
3852,-671.4487589703926
3853,-384.06311775188806
3855,59.87443768392686
3857,-109.90672306333198
3858,-94.22204371265114
3859,29.747821307918436
3860,-207.26813453787742
3862,380.3846037236623
3864,427.81088424327515
3865,27.340526927699642
3866,-102.73366760567812
3867,-550.7537482274774
3868,414.06316586932974
3869,177.11585421296235
3871,321.87742576181023
3872,619.5685148233897
3873,-255.14044666319933
3880,11.444561644999956
3882,419.39198553850827
3885,-537.7067043078391
3891,-209.82575721887633
3894,-200.05901552887036
3896,-193.67218545229593
3898,73.08092459422588
3899,294.6712906105872
3901,257.8332830442645
3902,-51.79921937890039
3903,-356.1459895276583
3905,-667.716191205457
3906,361.3373047003224
3907,-206.44421626647997
3910,513.7985220069132
3911,65.80548900628537
3912,169.9694527113758
3914,-32.65627229211245
3915,-488.32845042372514
3916,-226.31922630428886
3917,-53.75689098846789
3918,-239.51297992040645
3921,-259.3238414004909
3922,-99.01579834875574
3924,8.046453780504997
3926,-295.96994075954973
3927,-180.65476220757284
3928,-26.42504185323938
3931,-405.7163156544893
3932,-52.405855478173706
3933,477.7806388993803
3936,-183.11337949109173
3941,-462.46671662219035
3944,-277.3818163291176
3945,158.93461506710057
3946,379.27369876744467
3948,-84.16753178352616
3949,-494.60636958423
3950,-382.92548986340876
3955,15.573079476279277
3957,34.78893239304612
3959,64.83223901783896
3963,-180.78924944720882
3968,-172.3955700420846
3970,-418.63443351914634
3972,-695.4577623329898
3973,571.2094615856859
3975,-394.3394278506762
3976,-94.60324918971372
3977,0.23943003703903898
3978,83.10899960729198
3979,106.34872900761329
3980,-320.50550943876556
3986,-246.6986177891914
3988,3.9944464130353
3995,-99.00049933541916
3997,736.0495698792242
3998,41.225708408205556
3999,506.4314620797146
4001,-142.65489823930704
4005,-306.5876212908913
4006,310.69667555457306
4011,-182.20949884938966
4012,207.06018416818281
4013,-373.53905369367806
4019,-213.01668492672894
4020,-121.8890484944321
4022,-358.43370571403136
4023,262.15954003690473
4024,475.21575355923676
4028,-366.556027432668
4031,352.24215409901683
4032,-73.58346934051637
4035,-205.60651813387074
4036,-306.8831918732441
4037,98.14165257236357
4038,-119.61823562825826
4040,-84.76498900353329
4043,329.3296245666501
4046,-405.0277445530795
4047,408.3380425003588
4048,10.757040967056765
4053,103.47331495676207
4054,9.991826226249765
4056,-186.41022433989536
4058,568.6720975402452
4059,124.36433694873091
4062,36.83255854070303
4064,-237.22796891611472
4065,223.89438202347435
4066,113.4711085335963
4068,-13.8624440032992
4072,-24.25518172242149
4073,-361.60744011393723
4074,-275.3833660653394
4075,-501.3857366309442
4076,218.4747017121482
4077,706.0696418912935
4080,-121.90936843746884
4083,-279.5177175608303
4087,-12.226754134359716
4091,142.596981879934
4092,352.9021881904555
4093,-330.2665416487696
4094,-398.87773866407656
4095,-108.36718076605973
4098,306.7957303779689
4099,62.69191977402799
4103,93.63598760205943
4105,-102.94402927772646
4108,224.71766553032018
4110,205.44476916563565
4111,330.54085612614466
4112,-46.090935611594034
4113,103.47433484614325
4116,5.860792601322254
4118,-171.71508267056953
4120,-291.0229314586149
4121,-137.27323646505062
4128,19.32044120064699
4133,445.1941950408501
4135,-508.8505210283322
4139,-149.67140600684633
4141,72.74590165942907
4144,134.1950366677479
4148,-117.47710795496147
4150,-123.84930477171795
4152,-218.2230112037263
4153,196.26410651426963
4154,543.2929551918618
4155,769.7831346779778
4157,382.6649627471967
4163,-702.5575351665331
4172,-161.50249020794956
4173,124.36136236190154
4174,-225.06086694291741
4176,-206.15552028633937
4179,-265.3781222337079
4180,-358.7285457226297
4181,8.686487343372766
4183,44.52109973820745
4189,199.75640863144716
4190,245.79619129055408
4192,190.33748236732205
4193,148.80944277404697
4194,-124.28661531695478
4195,-380.1235141112569
4197,-395.00135373013666
4200,-167.81845738630244
4201,-9.64689940887122
4203,-291.38232806407643
4205,-313.26507108077
4207,346.75335693219074
4209,110.35576331052098
4210,-140.9643854132364
4211,281.2842721937176
4212,-230.43850225901684
4213,731.2575793400925
4214,243.29550561382578
4215,-238.11511112033986
4219,493.5835021219651
4221,-211.19095610677994
4222,379.5111506905032
4223,192.19279189228826
4225,54.082556309009924
4226,59.86007481439261
4227,632.0737328291365
4230,-5.37392198862273
4231,-149.31671566313082
4234,195.983261171678
4237,-47.288195272991175
4239,-267.521556199238
4240,136.1902781557223
4241,91.37408025588351
4242,-141.09396246838614
4243,-766.9007014507565
4244,339.53790111470823
4245,-425.12747198092313
4246,26.047725135738837
4247,60.17404247258918
4250,770.7004889128148
4251,-254.65961307626063
4252,758.3490475346726
4253,-14.588518890051292
4254,226.11299178133407
4255,295.49586366737424
4256,462.0452038453342
4257,319.0188989892797
4258,543.3782266189019
4259,-524.5085399587326
4262,-447.11674993362794
4264,-194.5567024059552
4265,220.43944288386928
4266,-427.21571009489907
4269,-194.73569027163285
4271,132.9995727066721
4273,-182.92485840158423
4274,-368.991122662504
4275,-632.3290378206325
4277,202.67077072256615
4278,-330.14833732128864
4279,-285.4285514428931
4281,-464.75962768452894
4284,-247.45308692397606
4286,-750.5195551226057
4287,317.0125570712055
4291,-377.0932545310171
4299,306.5252619909641
4301,-16.46748687505616
4302,-170.52299124520837
4306,-184.20761997541558
4307,228.40252709939068
4310,98.4488313779671
4311,165.0323946363758
4315,-341.6459189487722
4316,-128.16064177417365
4320,-77.44508520812627
4321,162.94244826651175
4322,253.4118990017231
4323,-357.32819426328524
4324,59.1112572092512
4325,-375.5301490522852
4327,338.9843291135952
4328,-408.96202685566925
4331,99.54183450269056
4334,-92.87989805025899
4335,-60.52708980063207
4336,70.94212904276918
4339,-239.30272537691226
4340,314.7349286779196
4346,218.4645443384108
4347,263.88530478790193
4350,299.7474752269982
4352,-118.12028005119114
4353,-79.52056013771661
4354,-156.6538714596079
4357,-99.36754336450018
4359,-416.0148406067559
4361,1.7277053602067234
4365,429.84217482995416
4368,-249.09486013867286
4369,-6.011674866816843
4373,-411.3250376810462
4376,-371.87089992613005
4377,-410.54194959154415
4381,-100.26410187242706
4382,-213.45989890372522
4384,418.0963095266153
4385,-238.55921954690905
4386,-316.43605750540723
4392,-197.8394934946325
4395,590.7985281986313
4397,-155.61769091577253
4402,-332.1039102120923
4403,201.31286681203795
4404,-189.10662829924163
4405,108.60058020923324
4406,-60.74504993315061
4408,-125.70942594453295
4409,-101.01576166122592
4410,20.884798615416052
4411,-151.5681045184093
4414,548.5937407772274
4415,87.43703947456993
4416,-532.1608662428587
4418,-872.3896951142019
4420,112.98860458286899
4421,-367.58421242715946
4422,-743.1089616897776
4424,108.75652012080494
4428,46.154259226824166
4430,-30.43199840309146
4434,108.97844065169537
4435,631.7950591503574
4437,-451.52787656680346
4438,-7.586005436976899
4439,-309.4571509747574
4440,48.0987740559954
4442,-433.35504494587883
4443,19.479073696682114
4444,127.19567174161902
4445,-626.3788219630384
4446,22.614660742779705
4450,-178.2104707743325
4453,208.56061801813837
4454,-191.78585518458982
4456,138.70176777536759
4457,195.58807658187138
4458,-36.62953889566201
4459,-464.90798619395207
4461,355.79812894369843
4462,14.948539572952479
4463,-479.66466836659265
4466,279.7861902462972
4467,36.60127039662482
4470,0.8965216433177599
4471,-159.22506216931822
4475,-571.4521669895519
4477,-450.45979415093524
4478,322.523849136998
4479,20.579699491340477
4480,328.55128672978714
4483,-53.757321696139286
4484,474.03206387014467
4487,-278.0296429047536
4489,54.994404272017846
4494,241.28369498913986
4500,-413.84579360437885
4502,-201.9847741341556
4504,-570.549912567867
4505,-229.40150330067922
4506,99.33831282678139
4507,-548.6191851774287
4510,123.39776982463988
4512,97.28344614887365
4515,444.1006935721623
4518,-118.55851046304025
4519,197.32165550652374
4520,202.07402446722344
4524,209.47527422219355
4525,-539.1421556387238
4528,129.08259029613566
4529,-455.12957099667267
4534,124.72233889586693
4538,609.2264469119239
4539,-268.86605803622115
4541,91.56189101282403
4545,-49.98401325850243
4546,50.849257708437776
4549,-144.67194361887894
4552,-67.74016454926901
4553,-204.58434176579857
4554,704.1087882531766
4557,-9.372242165804696
4559,193.62721382890902
4561,790.4818941359124
4566,404.96442781750363
4568,124.2508534827477
4574,362.6936471842507
4575,-224.98796523309682
4576,-1.4342450370116566
4577,-473.0610577407123
4581,-19.41842182448571
4582,-529.6254711491521
4584,-283.78149419787695
4587,154.4463877474336
4588,169.68429545213698
4593,365.02260440871646
4594,22.60717312840523
4595,-377.90811442079695
4597,-309.1303540407992
4599,-317.27691624673093
4601,421.24792973476156
4605,-790.7599073610531
4607,-215.200657357273
4608,-281.7659392478512
4610,28.351342452542198
4611,140.23264749744212
4613,33.76510375134854
4615,87.65761471361671
4616,177.57524578444557
4619,-239.2994319543676
4621,602.6465709862125
4624,441.78516890362937
4625,77.65003012358969
4626,-72.86451027752531
4628,142.71271568233752
4633,440.0418430529212
4635,-311.9773948147297
4640,-231.53445480590153
4641,430.50392155024264
4643,-92.69339233549393
4644,-409.0922147715281
4647,407.30654670316926
4650,188.36175168769816
4651,-46.63290313725936
4652,4.956110024896173
4656,-329.4959248459471
4657,-14.160755822533309
4660,12.540567297352597
4662,838.7080237336063
4663,657.2016868234159
4664,55.749853199974645
4666,-435.11540524379143
4667,-5.501988908713107
4669,-74.33606949534938
4672,-47.96715415468973
4673,-129.05339795568221
4674,101.38326896324097
4675,375.37175167735523
4676,71.33165703979861
4679,72.92843816290738
4681,-424.59899018106046
4683,238.40647367233808
4684,100.61315323355964
4686,281.32385991643696
4687,-61.33284308375367
4688,-513.1731258701554
4691,-231.71124349040406
4692,286.84023168365235
4693,-215.0521463735014
4696,-43.24562924332646
4697,-679.3493555342928
4698,-238.98368568169576
4701,-437.25789628898673
4705,-102.53184120685785
4707,-129.51447150022423
4708,-64.60108722607325
4711,29.8165886865983
4715,-198.55522819897215
4716,-53.26527177005289
4718,-558.0375210939166
4719,-203.84108775126947
4720,-74.46008253922749
4721,-167.97551203241306
4722,-220.9909528964828
4724,-253.65691087480016
4729,135.22783820308914
4734,258.7246204834826
4739,94.10885433643894
4740,-58.65181351353107
4741,242.4434902649897
4743,-209.44340676977905
4746,314.91074529975435
4747,-110.96674846630725
4749,-6.600338989149639
4750,25.071439902696405
4753,490.1970755370161
4758,-336.54328854786013
4759,233.07745717389838
4760,-78.76934910677309
4762,-320.5780663283341
4763,-867.7834585481578
4765,-349.1415704821938
4767,-264.5922311113536
4769,-260.89252077042056
4770,544.111713680069
4771,-96.30681192670971
4772,-463.1936730699338
4773,-135.53230591383118
4774,-600.5879625163143
4776,-520.6152411313275
4777,-241.48267718495777
4782,115.52791817417669
4783,179.96170111178043
4785,-308.3971779810965
4786,139.43508184815687
4791,218.9572237372376
4793,-592.4915855050867
4797,-210.69108543722163
4800,49.27143977496753
4801,84.25560981055557
4802,-552.1784045047183
4808,39.509273817256165
4809,-416.32688142481686
4810,-639.4060886811835
4811,-219.90960760263405
4812,-67.84366772166788
4816,414.66112949263083
4817,-56.30261862344499
4821,-363.296858592497
4822,-614.4044638659312
4824,47.48987856738381
4826,-381.29037141178935
4827,4.071889965587218
4829,-131.81873166411125
4830,66.92103146123605
4831,58.621443101042736
4832,64.35515759560049
4835,93.9253456477547
4838,182.7158429804585
4841,-657.3104528347736
4842,190.05966825344095
4845,543.8036847407656
4846,267.6934901443777
4847,260.27383568166863
4848,-221.0922662147027
4849,108.45945760870214
4854,-84.57321835999196
4855,-5.851266911835603
4858,126.18880275011693
4861,271.16572145142726
4862,-298.015535822017
4863,138.9156051042635
4865,-70.2638723818659
4866,158.5731374557214
4868,-124.34056134532011
4870,170.09770296168878
4871,70.57037619280396
4877,-129.41827312717564
4878,-125.44881423862563
4880,421.8334765840425
4881,-700.8701317022325
4883,-52.798731640251276
4884,-361.8568008950972
4885,-109.90395141924276
4886,-705.3561811347643
4888,-297.0741308777716
4890,146.06170962095058
4892,-419.64926767168436
4893,-52.46182978744406
4895,227.2045685550511
4898,403.60404488734406
4900,339.541887026919
4901,-102.3188433700882
4902,-565.2347003611683
4905,-559.780217962064
4906,-137.11620578968356
4909,-306.48749575350575
4914,176.17390005669404
4915,474.0640868037249
4916,-128.55836833322618
4917,-227.9780159111204
4918,224.21595977056637
4920,49.49161309978031
4921,-156.1797020998815
4923,-350.59742420477966
4925,85.44100123026615
4928,114.59598606600824
4932,-831.8955615539717
4933,405.2736525997915
4935,-55.480024765638035
4936,197.41821580970446
4937,421.44606194031496
4939,-276.1506393932219
4940,663.231022885676
4941,13.519208326780495
4942,64.78168849853103
4944,430.3868799218684
4952,-148.93402508601426
4954,217.62609350282196
4958,-225.0853125987054
4959,-57.70210683773941
4961,201.02028110194644
4962,-209.36912098085497
4963,-175.07350992591196
4966,-517.8053443459489
4967,-177.00786594100327
4968,316.20646137514694
4969,-292.8761171756402
4975,26.2546538364157
4977,71.66045047454841
4981,-237.49922877861007
4983,350.38304146140564
4988,-767.7784389559415
4990,-268.8322336184516
4993,-237.1132339241151
4995,425.5563001183242
4996,-362.5391720213865
4998,-155.06101196871145
4999,-445.4891499202113
